collection_id	language	work_id	title	author	author_id	source_id	cts_work_urn	canonical_text_id	edition_id	edition_label	source_path	cts_edition_urn	file_role	file_status	source_hash	size_bytes	artifact_count	segment_count	token_count	adapters	artifact_paths	source_witness_count	source_witness_collections
sanskrit_json	san	langnet:reader:sanskrit_json:corpus_L_S-Agnisv_min	Lāṭyāyanaśrautasūtrabhāṣya	Agnisvāmin		corpus_L_S-Agnisv_min		urn:ctsv2:san:latyayanasrautasutrabhasya-tatra-mantra-sabda	langnet:reader:sanskrit_json:corpus_L_S-Agnisv_min:edition	Vedāntavāgīśa 1872	/home/nixos/Classics-Data/sanskrit/corpus/VPC/Srauta commentaries/corpus/LāṭŚS-Agnisvāmin.json		sanskrit_json	text	edca54e192818cb520e9442a65d6deeccb6b0d0d13a29ae22b1ec06cf9e5a943	975011	1	1610	40627	sanskrit_json	/home/nixos/langnet-tools/langnet-cli/data/build/reader/books/sanskrit_json/langnet/Agnisvāmin/corpus_L_S-Agnisv_min/langnet_reader_sanskrit_json_corpus_L_S-Agnisv_min_edition.duckdb	0	
sanskrit_json	san	langnet:reader:sanskrit_json:corpus_Jaim_S-Bhavatr_ta	Jaiminīyaśrautasūtrabhāṣya	Bhavatrāta		corpus_Jaim_S-Bhavatr_ta		urn:ctsv2:san:jaiminiyasrautasutrabhasya-nanu-pratijna-prarabh	langnet:reader:sanskrit_json:corpus_Jaim_S-Bhavatr_ta:edition	Asko Parpola	/home/nixos/Classics-Data/sanskrit/corpus/VPC/Srauta commentaries/corpus/JaimŚS-Bhavatrāta.json		sanskrit_json	text	dcbb648d44a09cbe24cf9e7d3aa1eb37dffe82119d800db7ceb72700258b3621	732118	1	3583	30768	sanskrit_json	/home/nixos/langnet-tools/langnet-cli/data/build/reader/books/sanskrit_json/langnet/Bhavatrāta/corpus_Jaim_S-Bhavatr_ta/langnet_reader_sanskrit_json_corpus_Jaim_S-Bhavatr_ta_edition.duckdb	0	
sanskrit_json	san	langnet:reader:sanskrit_json:corpus_K_hGS-Devap_la	Kāṭhagṛhyasūtrabhāṣya	Devapāla		corpus_K_hGS-Devap_la		urn:ctsv2:san:kathagrhyasutrabhasya-vrata-sabda-yama	langnet:reader:sanskrit_json:corpus_K_hGS-Devap_la:edition	Kashmir Series of Texts and Studies, No. XLIX (1923)	/home/nixos/Classics-Data/sanskrit/corpus/VPC/Grhya commentaries/corpus/KāṭhGS-Devapāla.json		sanskrit_json	text	db5e3ecffb916952ef151e1c1219ff2b05e96cfcee4d09596bc618392afa8e68	1092867	1	4290	45875	sanskrit_json	/home/nixos/langnet-tools/langnet-cli/data/build/reader/books/sanskrit_json/langnet/Devapāla/corpus_K_hGS-Devap_la/langnet_reader_sanskrit_json_corpus_K_hGS-Devap_la_edition.duckdb	0	
sanskrit_json	san	langnet:reader:sanskrit_json:corpus_Dr_h_S-Dhanvin-11-15	Drāhyāyaṇaśrautasūtrabhāṣya	Dhanvin		corpus_Dr_h_S-Dhanvin-11-15		urn:ctsv2:san:drahyayanasrautasutrabhasya-purva-vac-vana	langnet:reader:sanskrit_json:corpus_Dr_h_S-Dhanvin-11-15:edition	Vira, Raghu: Drāhyāyaṇa-Śrautasūtra with the commentary of Dhanvin	/home/nixos/Classics-Data/sanskrit/corpus/VPC/Srauta commentaries/corpus/DrāhŚS-Dhanvin-11-15.json		sanskrit_json	text	cf4a951a42c77ec07df3de67c5e1ad33a97a8c11dd1b8c7c8b959805606a7908	113132	1	581	4699	sanskrit_json	/home/nixos/langnet-tools/langnet-cli/data/build/reader/books/sanskrit_json/langnet/Dhanvin/corpus_Dr_h_S-Dhanvin-11-15/langnet_reader_sanskrit_json_corpus_Dr_h_S-Dhanvin-11-15_edition.duckdb	0	
sanskrit_json	san	langnet:reader:sanskrit_json:corpus_Kau_S-D_rila	Kauśikasūtrabhāṣya	Dārila		corpus_Kau_S-D_rila		urn:ctsv2:san:kausikasutrabhasya-atra-hetu-na	langnet:reader:sanskrit_json:corpus_Kau_S-D_rila:edition	json	/home/nixos/Classics-Data/sanskrit/corpus/VPC/Grhya commentaries/corpus/KauśS-Dārila.json		sanskrit_json	text	1533cb2ebb3d5d6409e155fcbaa77534583da099d155f9ab8b4c22055b5c8555	199932	1	1243	8307	sanskrit_json	/home/nixos/langnet-tools/langnet-cli/data/build/reader/books/sanskrit_json/langnet/Dārila/corpus_Kau_S-D_rila/langnet_reader_sanskrit_json_corpus_Kau_S-D_rila_edition.duckdb	0	
sanskrit_json	san	langnet:reader:sanskrit_json:corpus_Kau_S-Ke_ava	Kauśikasūtrapaddhati	Keśava		corpus_Kau_S-Ke_ava		urn:ctsv2:san:kausikasutrapaddhati-athasabda-anantarya-artha	langnet:reader:sanskrit_json:corpus_Kau_S-Ke_ava:edition	json	/home/nixos/Classics-Data/sanskrit/corpus/VPC/Grhya commentaries/corpus/KauśS-Keśava.json		sanskrit_json	text	cd45187d28cad5b7711af028d11b818346cff9c01efbb9e9aaaa286303de4c91	1606971	1	9204	66795	sanskrit_json	/home/nixos/langnet-tools/langnet-cli/data/build/reader/books/sanskrit_json/langnet/Keśava/corpus_Kau_S-Ke_ava/langnet_reader_sanskrit_json_corpus_Kau_S-Ke_ava_edition.duckdb	0	
sanskrit_json	san	langnet:reader:sanskrit_json:corpus_AB	Aitareyabrāhmaṇa	Unknown		corpus_AB		urn:ctsv2:san:aitareyabrahmana-agni-vai-deva	langnet:reader:sanskrit_json:corpus_AB:edition	DCS version	/home/nixos/Classics-Data/sanskrit/corpus/VPC/Brahmana texts/corpus/AB.json		sanskrit_json	text	f26aa99333a87932a78daef5e1645cc2ea2dc19d101db1b3df2c19dcd21de0bf	1303845	1	2997	55708	sanskrit_json	/home/nixos/langnet-tools/langnet-cli/data/build/reader/books/sanskrit_json/langnet/Unknown/corpus_AB/langnet_reader_sanskrit_json_corpus_AB_edition.duckdb	0	
sanskrit_json	san	langnet:reader:sanskrit_json:corpus_A	Aitareyāraṇyaka	Unknown		corpus_A		urn:ctsv2:san:aitareyaranyaka-om-corpus-a	langnet:reader:sanskrit_json:corpus_A:edition	DCS version	/home/nixos/Classics-Data/sanskrit/corpus/VPC/Aranyaka texts/corpus/AĀ.json		sanskrit_json	text	67177f113ac089f37300345974191cd0cde55a069d76a9af1ec5edc87d0a64b7	239537	1	778	10274	sanskrit_json	/home/nixos/langnet-tools/langnet-cli/data/build/reader/books/sanskrit_json/langnet/Unknown/corpus_A/langnet_reader_sanskrit_json_corpus_A_edition.duckdb	0	
sanskrit_json	san	langnet:reader:sanskrit_json:corpus_BaudhDhS	Baudhāyanadharmasūtra	Unknown		corpus_BaudhDhS		urn:ctsv2:san:baudhayanadharmasutra-upadis-dharma-prativedam	langnet:reader:sanskrit_json:corpus_BaudhDhS:edition	Hultzsch	/home/nixos/Classics-Data/sanskrit/corpus/VPC/Dharmasutra texts/corpus/BaudhDhS.json		sanskrit_json	text	a4193d048cedc8c11558ce97c2d96e5ede414e7ed5133cd8b32e8196455ee462	352238	1	1241	14708	sanskrit_json	/home/nixos/langnet-tools/langnet-cli/data/build/reader/books/sanskrit_json/langnet/Unknown/corpus_BaudhDhS/langnet_reader_sanskrit_json_corpus_BaudhDhS_edition.duckdb	0	
sanskrit_json	san	langnet:reader:sanskrit_json:corpus_BaudhGS	Baudhāyanagṛhyasūtra	Unknown		corpus_BaudhGS		urn:ctsv2:san:baudhayanagrhyasutra-yatha-u-etad	langnet:reader:sanskrit_json:corpus_BaudhGS:edition	Sastri and Srinivasacharya (DCS version)	/home/nixos/Classics-Data/sanskrit/corpus/VPC/Grhya texts/corpus/BaudhGS.json		sanskrit_json	text	f1b88214d46da3ea69ef4ed6a4ea0628cdbd03420f808b5725164375dce5fbab	361083	1	1072	15057	sanskrit_json	/home/nixos/langnet-tools/langnet-cli/data/build/reader/books/sanskrit_json/langnet/Unknown/corpus_BaudhGS/langnet_reader_sanskrit_json_corpus_BaudhGS_edition.duckdb	0	
sanskrit_json	san	langnet:reader:sanskrit_json:corpus_Baudh_S	Baudhāyanaśrautasūtra	Unknown		corpus_Baudh_S		urn:ctsv2:san:baudhayanasrautasutra-amavasya-va-paurnamasa	langnet:reader:sanskrit_json:corpus_Baudh_S:edition	Kashikar	/home/nixos/Classics-Data/sanskrit/corpus/VPC/Srauta texts/corpus/BaudhŚS.json		sanskrit_json	text	a179502453fc767930c4681b9b50518d7ebf7034a49c7eec80d5684ad356255f	3961867	1	19783	164374	sanskrit_json	/home/nixos/langnet-tools/langnet-cli/data/build/reader/books/sanskrit_json/langnet/Unknown/corpus_Baudh_S/langnet_reader_sanskrit_json_corpus_Baudh_S_edition.duckdb	0	
sanskrit_json	san	langnet:reader:sanskrit_json:corpus_Baudh_uS	Baudhāyanaśulbasūtra	Unknown		corpus_Baudh_uS		urn:ctsv2:san:baudhayanasulbasutra-atha-idam-agni	langnet:reader:sanskrit_json:corpus_Baudh_uS:edition	Kashikar	/home/nixos/Classics-Data/sanskrit/corpus/VPC/Sulba texts/corpus/BaudhŚuS.json		sanskrit_json	text	53422e55ed4063582f9afd46a838a5ad35bbb64644b2f891b5cae384170bc4a6	90439	1	565	3658	sanskrit_json	/home/nixos/langnet-tools/langnet-cli/data/build/reader/books/sanskrit_json/langnet/Unknown/corpus_Baudh_uS/langnet_reader_sanskrit_json_corpus_Baudh_uS_edition.duckdb	0	
sanskrit_json	san	langnet:reader:sanskrit_json:corpus_Bh_rGS	Bhāradvājagṛhyasūtra	Unknown		corpus_Bh_rGS		urn:ctsv2:san:bharadvajagrhyasutra-upanayana-vyakhya	langnet:reader:sanskrit_json:corpus_Bh_rGS:edition	Salomons (DCS version)	/home/nixos/Classics-Data/sanskrit/corpus/VPC/Grhya texts/corpus/BhārGS.json		sanskrit_json	text	f17b15d4232b399b60e7b85d2478c570b5cf0a487a645b03d7e1aa3b0fa8852e	278658	1	801	11682	sanskrit_json	/home/nixos/langnet-tools/langnet-cli/data/build/reader/books/sanskrit_json/langnet/Unknown/corpus_Bh_rGS/langnet_reader_sanskrit_json_corpus_Bh_rGS_edition.duckdb	0	
sanskrit_json	san	langnet:reader:sanskrit_json:corpus_Bh_r_S	Bhāradvājaśrautasūtra	Unknown		corpus_Bh_r_S		urn:ctsv2:san:bharadvajasrautasutra-darsa-purnamasa-vyakhya	langnet:reader:sanskrit_json:corpus_Bh_r_S:edition	Kashikar	/home/nixos/Classics-Data/sanskrit/corpus/VPC/Srauta texts/corpus/BhārŚS.json		sanskrit_json	text	f1c04cbc93f692dd5b139828daceedc1e93ac2203d543131d3d445b7dee9eb61	1079208	1	4717	44756	sanskrit_json	/home/nixos/langnet-tools/langnet-cli/data/build/reader/books/sanskrit_json/langnet/Unknown/corpus_Bh_r_S/langnet_reader_sanskrit_json_corpus_Bh_r_S_edition.duckdb	0	
sanskrit_json	san	langnet:reader:sanskrit_json:corpus_Dr_h_S	Drāhyāyaṇaśrautasūtra	Unknown		corpus_Dr_h_S		urn:ctsv2:san:drahyayanasrautasutra-atha-vidhi-vyapadesa	langnet:reader:sanskrit_json:corpus_Dr_h_S:edition	Reuter, Vira	/home/nixos/Classics-Data/sanskrit/corpus/VPC/Srauta texts/corpus/DrāhŚS.json		sanskrit_json	text	1a4897e98021011ade1fab256729817b5f80b1b7c7822f55adc79c4e502363b8	553448	1	3240	22645	sanskrit_json	/home/nixos/langnet-tools/langnet-cli/data/build/reader/books/sanskrit_json/langnet/Unknown/corpus_Dr_h_S/langnet_reader_sanskrit_json_corpus_Dr_h_S_edition.duckdb	0	
sanskrit_json	san	langnet:reader:sanskrit_json:corpus_GautDhS-Pari_i_a_2	Gautamadharmasūtrapariśiṣṭa	Unknown		corpus_GautDhS-Pari_i_a_2		urn:ctsv2:san:gautamadharmasutraparisista-atha-atas-dharma	langnet:reader:sanskrit_json:corpus_GautDhS-Pari_i_a_2:edition	Aiyangar 1948	/home/nixos/Classics-Data/sanskrit/corpus/VPC/Dharmasutra texts/corpus/GautDhS-Pariśiṣṭa 2.json		sanskrit_json	text	974d7cc3873cb9a353fe02e17ce6b753cc4b140171c36e14615b1a4bd37e6b84	90082	1	500	3677	sanskrit_json	/home/nixos/langnet-tools/langnet-cli/data/build/reader/books/sanskrit_json/langnet/Unknown/corpus_GautDhS-Pari_i_a_2/langnet_reader_sanskrit_json_corpus_GautDhS-Pari_i_a_2_edition.duckdb	0	
sanskrit_json	san	langnet:reader:sanskrit_json:corpus_GobhGS	Gobhilagṛhyasūtra	Unknown		corpus_GobhGS		urn:ctsv2:san:gobhilagrhyasutra-atha-atas-grhya-corpus-gobhgs	langnet:reader:sanskrit_json:corpus_GobhGS:edition	Knauer (DCS version)	/home/nixos/Classics-Data/sanskrit/corpus/VPC/Grhya texts/corpus/GobhGS.json		sanskrit_json	text	0aa7436db6b64ea7a8ef50b043787534f982bed3646f323b42f699302b0137ef	180621	1	1088	7430	sanskrit_json	/home/nixos/langnet-tools/langnet-cli/data/build/reader/books/sanskrit_json/langnet/Unknown/corpus_GobhGS/langnet_reader_sanskrit_json_corpus_GobhGS_edition.duckdb	0	
sanskrit_json	san	langnet:reader:sanskrit_json:corpus_GB	Gopathabrāhmaṇa	Unknown		corpus_GB		urn:ctsv2:san:gopathabrahmana-om-brahman-ha	langnet:reader:sanskrit_json:corpus_GB:edition	Gastra (DCS version)	/home/nixos/Classics-Data/sanskrit/corpus/VPC/Brahmana texts/corpus/GB.json		sanskrit_json	text	8f3eafd1b8ecad7097eb91645502fe9a6efcf59782bcf526744845b8ca817349	726818	1	4391	30644	sanskrit_json	/home/nixos/langnet-tools/langnet-cli/data/build/reader/books/sanskrit_json/langnet/Unknown/corpus_GB/langnet_reader_sanskrit_json_corpus_GB_edition.duckdb	0	
sanskrit_json	san	langnet:reader:sanskrit_json:corpus_HirGS	Hiraṇyakeśigṛhyasūtra	Unknown		corpus_HirGS		urn:ctsv2:san:hiranyakesigrhyasutra-upanayana-vyakhya	langnet:reader:sanskrit_json:corpus_HirGS:edition	Kirste (DCS version)	/home/nixos/Classics-Data/sanskrit/corpus/VPC/Grhya texts/corpus/HirGS.json		sanskrit_json	text	b85bd21eec9691ecd893cceb4159fefafd574b76fb17963efb42f88e81c07a8b	247738	1	561	10391	sanskrit_json	/home/nixos/langnet-tools/langnet-cli/data/build/reader/books/sanskrit_json/langnet/Unknown/corpus_HirGS/langnet_reader_sanskrit_json_corpus_HirGS_edition.duckdb	0	
sanskrit_json	san	langnet:reader:sanskrit_json:corpus_Hir_S	Hiraṇyakeśiśrautasūtra	Unknown		corpus_Hir_S		urn:ctsv2:san:hiranyakesisrautasutra-yajna-vyakhya	langnet:reader:sanskrit_json:corpus_Hir_S:edition	json	/home/nixos/Classics-Data/sanskrit/corpus/VPC/Srauta texts/corpus/HirŚS.json		sanskrit_json	text	9014fbf9d3b332a78fdbeb124b26a73a7f816810326bdcd56d02c58eb63504f8	2049835	1	7095	84735	sanskrit_json	/home/nixos/langnet-tools/langnet-cli/data/build/reader/books/sanskrit_json/langnet/Unknown/corpus_Hir_S/langnet_reader_sanskrit_json_corpus_Hir_S_edition.duckdb	0	
sanskrit_json	san	langnet:reader:sanskrit_json:corpus_JB	Jaiminīyabrāhmaṇa	Unknown		corpus_JB		urn:ctsv2:san:jaiminiyabrahmana-tad-ah-ka	langnet:reader:sanskrit_json:corpus_JB:edition	Book 1 and 2 edited by G. Ehlers; book 3 edited by M. Kobayashi.	/home/nixos/Classics-Data/sanskrit/corpus/VPC/Brahmana texts/corpus/JB.json		sanskrit_json	text	f424feeef6aa292cb6ce9393440e021e34f40e90d3f036b045076ee2087efc1f	3955111	1	23242	169328	sanskrit_json	/home/nixos/langnet-tools/langnet-cli/data/build/reader/books/sanskrit_json/langnet/Unknown/corpus_JB/langnet_reader_sanskrit_json_corpus_JB_edition.duckdb	0	
sanskrit_json	san	langnet:reader:sanskrit_json:corpus_JaimGS	Jaiminīyagṛhyasūtra	Unknown		corpus_JaimGS		urn:ctsv2:san:jaiminiyagrhyasutra-atha-atas-agni	langnet:reader:sanskrit_json:corpus_JaimGS:edition	Caland (DCS version)	/home/nixos/Classics-Data/sanskrit/corpus/VPC/Grhya texts/corpus/JaimGS.json		sanskrit_json	text	30f351bb993d32b48e0110972d8d2dd228741c5378c1c46ed405045dc64e8d46	170973	1	641	7128	sanskrit_json	/home/nixos/langnet-tools/langnet-cli/data/build/reader/books/sanskrit_json/langnet/Unknown/corpus_JaimGS/langnet_reader_sanskrit_json_corpus_JaimGS_edition.duckdb	0	
sanskrit_json	san	langnet:reader:sanskrit_json:corpus_Jaim_S	Jaiminīyaśrautasūtra	Unknown		corpus_Jaim_S		urn:ctsv2:san:jaiminiyasrautasutra-somapravaka-agam-pratimantray	langnet:reader:sanskrit_json:corpus_Jaim_S:edition	Gaastra (with help from the Parpola version)	/home/nixos/Classics-Data/sanskrit/corpus/VPC/Srauta texts/corpus/JaimŚS.json		sanskrit_json	text	d3146ffe4c173c1b92ac544a1769b36b55b79e745a1b630d9f1614736c496607	98145	1	519	4071	sanskrit_json	/home/nixos/langnet-tools/langnet-cli/data/build/reader/books/sanskrit_json/langnet/Unknown/corpus_Jaim_S/langnet_reader_sanskrit_json_corpus_Jaim_S_edition.duckdb	0	
sanskrit_json	san	langnet:reader:sanskrit_json:corpus_Kau_S	Kauśikasūtra	Unknown		corpus_Kau_S		urn:ctsv2:san:kausikasutra-atha-vidhi-vac	langnet:reader:sanskrit_json:corpus_Kau_S:edition	Bloomfield (DCS version)	/home/nixos/Classics-Data/sanskrit/corpus/VPC/Grhya texts/corpus/KauśS.json		sanskrit_json	text	3d6845229b29e59b10adbbb2c09bf681178fec7e39a894b8b5b79513a5705edf	554487	1	3043	23064	sanskrit_json	/home/nixos/langnet-tools/langnet-cli/data/build/reader/books/sanskrit_json/langnet/Unknown/corpus_Kau_S/langnet_reader_sanskrit_json_corpus_Kau_S_edition.duckdb	0	
sanskrit_json	san	langnet:reader:sanskrit_json:corpus_Kau_B	Kauṣītakibrāhmaṇa	Unknown		corpus_Kau_B		urn:ctsv2:san:kausitakibrahmana-idam-vai-loka	langnet:reader:sanskrit_json:corpus_Kau_B:edition	Sarma	/home/nixos/Classics-Data/sanskrit/corpus/VPC/Brahmana texts/corpus/KauṣB.json		sanskrit_json	text	bdee7d67c82d0b96b4bf31b3ce68d1bb333fdc7189f508878846da5564639b84	918367	1	6848	38644	sanskrit_json	/home/nixos/langnet-tools/langnet-cli/data/build/reader/books/sanskrit_json/langnet/Unknown/corpus_Kau_B/langnet_reader_sanskrit_json_corpus_Kau_B_edition.duckdb	0	
sanskrit_json	san	langnet:reader:sanskrit_json:corpus_Kau_GS	Kauṣītakigṛhyasūtra	Unknown		corpus_Kau_GS		urn:ctsv2:san:kausitakigrhyasutra-uttha-pratar-acam	langnet:reader:sanskrit_json:corpus_Kau_GS:edition	Chintamani 1944	/home/nixos/Classics-Data/sanskrit/corpus/VPC/Grhya texts/corpus/KauṣGS.json		sanskrit_json	text	448a0171c153a58be8428383be697f116686983b1813ace3aa4c52628120539c	206086	1	852	8571	sanskrit_json	/home/nixos/langnet-tools/langnet-cli/data/build/reader/books/sanskrit_json/langnet/Unknown/corpus_Kau_GS/langnet_reader_sanskrit_json_corpus_Kau_GS_edition.duckdb	0	
sanskrit_json	san	langnet:reader:sanskrit_json:corpus_Kh_dGS	Khādiragṛhyasūtra	Unknown		corpus_Kh_dGS		urn:ctsv2:san:khadiragrhyasutra-atha-atas-grhya-corpus-kh-dgs	langnet:reader:sanskrit_json:corpus_Kh_dGS:edition	Sastri 1913 (DCS version)	/home/nixos/Classics-Data/sanskrit/corpus/VPC/Grhya texts/corpus/KhādGS.json		sanskrit_json	text	b9a65aa98daf0fcbd6e29a80397ad1a78d9b73b2fc3b622cc4202fae54ced010	82329	1	580	3362	sanskrit_json	/home/nixos/langnet-tools/langnet-cli/data/build/reader/books/sanskrit_json/langnet/Unknown/corpus_Kh_dGS/langnet_reader_sanskrit_json_corpus_Kh_dGS_edition.duckdb	0	
sanskrit_json	san	langnet:reader:sanskrit_json:corpus_K_ty_S	Kātyāyanaśrautasūtra	Unknown		corpus_K_ty_S		urn:ctsv2:san:katyayanasrautasutra-atha-atas-adhikara	langnet:reader:sanskrit_json:corpus_K_ty_S:edition	json	/home/nixos/Classics-Data/sanskrit/corpus/VPC/Srauta texts/corpus/KātyŚS.json		sanskrit_json	text	0200c7a2c92fea6daadbe4ceb9d6128c0c8a002bc9c8a9d85ca1b9200d7bec12	837007	1	6112	34072	sanskrit_json	/home/nixos/langnet-tools/langnet-cli/data/build/reader/books/sanskrit_json/langnet/Unknown/corpus_K_ty_S/langnet_reader_sanskrit_json_corpus_K_ty_S_edition.duckdb	0	
sanskrit_json	san	langnet:reader:sanskrit_json:corpus_Ka_hGS	Kāṭhakagṛhyasūtra	Unknown		corpus_Ka_hGS		urn:ctsv2:san:kathakagrhyasutra-upanayana-prabhrti-vrata-corpus-ka-hgs	langnet:reader:sanskrit_json:corpus_Ka_hGS:edition	Caland (DCS version)	/home/nixos/Classics-Data/sanskrit/corpus/VPC/Grhya texts/corpus/KaṭhGS.json		sanskrit_json	text	2eb4f59f5ffe7e5f6bc28b0376f913a324f9fea778516d62afde81ce781b5c72	174516	1	617	7319	sanskrit_json	/home/nixos/langnet-tools/langnet-cli/data/build/reader/books/sanskrit_json/langnet/Unknown/corpus_Ka_hGS/langnet_reader_sanskrit_json_corpus_Ka_hGS_edition.duckdb	0	
sanskrit_json	san	langnet:reader:sanskrit_json:corpus_KS	Kāṭhakasaṃhitā	Unknown		corpus_KS		urn:ctsv2:san:kathakasamhita-prajapati-vai-idam	langnet:reader:sanskrit_json:corpus_KS:edition	json	/home/nixos/Classics-Data/sanskrit/corpus/VPC/Brahmana texts/corpus/KS.json		sanskrit_json	text	7aed9d801512d77b20a7686bd505eb9cadf23f97c9d548057bb383d1ca37ce45	1861507	1	15880	78339	sanskrit_json	/home/nixos/langnet-tools/langnet-cli/data/build/reader/books/sanskrit_json/langnet/Unknown/corpus_KS/langnet_reader_sanskrit_json_corpus_KS_edition.duckdb	0	
sanskrit_json	san	langnet:reader:sanskrit_json:corpus_Ka_h	Kāṭhakāraṇyaka	Unknown		corpus_Ka_h		urn:ctsv2:san:kathakaranyaka-yuj-manas-iti	langnet:reader:sanskrit_json:corpus_Ka_h:edition	Witzel 2004 (DCS version)	/home/nixos/Classics-Data/sanskrit/corpus/VPC/Aranyaka texts/corpus/KaṭhĀ.json		sanskrit_json	text	6e32e215d58b07286dc9731ed054d40ae9e7b9c7113707d1a770ea6ac48b206b	141142	1	921	5988	sanskrit_json	/home/nixos/langnet-tools/langnet-cli/data/build/reader/books/sanskrit_json/langnet/Unknown/corpus_Ka_h/langnet_reader_sanskrit_json_corpus_Ka_h_edition.duckdb	0	
sanskrit_json	san	langnet:reader:sanskrit_json:corpus_L_S	Lāṭyāyanaśrautasūtra	Unknown		corpus_L_S		urn:ctsv2:san:latyayanasrautasutra-atha-vidhi-vyapadesa	langnet:reader:sanskrit_json:corpus_L_S:edition	?	/home/nixos/Classics-Data/sanskrit/corpus/VPC/Srauta texts/corpus/LāṭŚS.json		sanskrit_json	text	ffc45826525f30650d1f39b902ce19fdd1bc731ccd4c578777e9957c41e0c1ec	506637	1	2634	20802	sanskrit_json	/home/nixos/langnet-tools/langnet-cli/data/build/reader/books/sanskrit_json/langnet/Unknown/corpus_L_S/langnet_reader_sanskrit_json_corpus_L_S_edition.duckdb	0	
sanskrit_json	san	langnet:reader:sanskrit_json:corpus_MaitrU	Maitryupaniṣad	Unknown		corpus_MaitrU		urn:ctsv2:san:maitryupanisad-brahman-yajna-vai	langnet:reader:sanskrit_json:corpus_MaitrU:edition	Cowell	/home/nixos/Classics-Data/sanskrit/corpus/VPC/Upanisad texts/corpus/MaitrU.json		sanskrit_json	text	27713dfeb983b95bb142cbbfb4c747613da6512a329a6f57bf8f222dc4063cc9	157565	1	279	6708	sanskrit_json	/home/nixos/langnet-tools/langnet-cli/data/build/reader/books/sanskrit_json/langnet/Unknown/corpus_MaitrU/langnet_reader_sanskrit_json_corpus_MaitrU_edition.duckdb	0	
sanskrit_json	san	langnet:reader:sanskrit_json:corpus_MS	Maitrāyaṇīsaṃhitā	Unknown		corpus_MS		urn:ctsv2:san:maitrayanisamhita-is-tvad-subhuta	langnet:reader:sanskrit_json:corpus_MS:edition	json	/home/nixos/Classics-Data/sanskrit/corpus/VPC/Brahmana texts/corpus/MS.json		sanskrit_json	text	7a85aea5d7a065462c06cd612b942f2c66c1acc2410998fe94b089730f30e074	2656561	1	18552	112560	sanskrit_json	/home/nixos/langnet-tools/langnet-cli/data/build/reader/books/sanskrit_json/langnet/Unknown/corpus_MS/langnet_reader_sanskrit_json_corpus_MS_edition.duckdb	0	
sanskrit_json	san	langnet:reader:sanskrit_json:corpus_M_nGS	Mānavagṛhyasūtra	Unknown		corpus_M_nGS		urn:ctsv2:san:manavagrhyasutra-upanayana-prabhrti-vrata	langnet:reader:sanskrit_json:corpus_M_nGS:edition	Knauer (DCS version)	/home/nixos/Classics-Data/sanskrit/corpus/VPC/Grhya texts/corpus/MānGS.json		sanskrit_json	text	98693d697baa1010e7e7b5f82d9a51307c50ce60f2b95119e1b97e72fea16efd	190575	1	558	7981	sanskrit_json	/home/nixos/langnet-tools/langnet-cli/data/build/reader/books/sanskrit_json/langnet/Unknown/corpus_M_nGS/langnet_reader_sanskrit_json_corpus_M_nGS_edition.duckdb	0	
sanskrit_json	san	langnet:reader:sanskrit_json:corpus_M_n_S	Mānavaśrautasūtra	Unknown		corpus_M_n_S		urn:ctsv2:san:manavasrautasutra-uttaratas-upacara-vihara	langnet:reader:sanskrit_json:corpus_M_n_S:edition	json	/home/nixos/Classics-Data/sanskrit/corpus/VPC/Srauta texts/corpus/MānŚS.json		sanskrit_json	text	10f7e3367c971192d5642109aa00bdca221453b82624b8b523c430fe5fe4852d	1579663	1	6254	64837	sanskrit_json	/home/nixos/langnet-tools/langnet-cli/data/build/reader/books/sanskrit_json/langnet/Unknown/corpus_M_n_S/langnet_reader_sanskrit_json_corpus_M_n_S_edition.duckdb	0	
sanskrit_json	san	langnet:reader:sanskrit_json:corpus_PB	Pañcaviṃśabrāhmaṇa	Unknown		corpus_PB		urn:ctsv2:san:pancavimsabrahmana-om-mahat-mad	langnet:reader:sanskrit_json:corpus_PB:edition	Caland	/home/nixos/Classics-Data/sanskrit/corpus/VPC/Brahmana texts/corpus/PB.json		sanskrit_json	text	539242fdbc3edbe0a6f5a45e7216d09df709f7e7c6feb55440b917937c2975ac	1150231	1	3562	48430	sanskrit_json	/home/nixos/langnet-tools/langnet-cli/data/build/reader/books/sanskrit_json/langnet/Unknown/corpus_PB/langnet_reader_sanskrit_json_corpus_PB_edition.duckdb	0	
sanskrit_json	san	langnet:reader:sanskrit_json:corpus_P_rGS	Pāraskaragṛhyasūtra	Unknown		corpus_P_rGS		urn:ctsv2:san:paraskaragrhyasutra-atha-atas-grhya-corpus-p-rgs	langnet:reader:sanskrit_json:corpus_P_rGS:edition	Bakre (DCS version)	/home/nixos/Classics-Data/sanskrit/corpus/VPC/Grhya texts/corpus/PārGS.json		sanskrit_json	text	64cc668ead4f0d98d8792eb6ac097c0a538bf232171c5855dbc585e390611609	194582	1	702	8151	sanskrit_json	/home/nixos/langnet-tools/langnet-cli/data/build/reader/books/sanskrit_json/langnet/Unknown/corpus_P_rGS/langnet_reader_sanskrit_json_corpus_P_rGS_edition.duckdb	0	
sanskrit_json	san	langnet:reader:sanskrit_json:corpus_SVidhB	Sāmavidhānabrāhmaṇa	Unknown		corpus_SVidhB		urn:ctsv2:san:samavidhanabrahmana-brahman-ha-vai	langnet:reader:sanskrit_json:corpus_SVidhB:edition	Sharma 1980; DCS version	/home/nixos/Classics-Data/sanskrit/corpus/VPC/Brahmana texts/corpus/SVidhB.json		sanskrit_json	text	455b9d76f4062c6af51d54dfebea1c001d69189d147779681d789e9baea5fe2e	122914	1	289	5212	sanskrit_json	/home/nixos/langnet-tools/langnet-cli/data/build/reader/books/sanskrit_json/langnet/Unknown/corpus_SVidhB/langnet_reader_sanskrit_json_corpus_SVidhB_edition.duckdb	0	
sanskrit_json	san	langnet:reader:sanskrit_json:corpus_TS	Taittirīyasaṃhitā	Unknown		corpus_TS		urn:ctsv2:san:taittiriyasamhita-deva-asura-samyat	langnet:reader:sanskrit_json:corpus_TS:edition	json	/home/nixos/Classics-Data/sanskrit/corpus/VPC/Brahmana texts/corpus/TS.json		sanskrit_json	text	7c19161e382f8c5de2e9be9f3675e64f75df95acfdf65e9994b3f3b5012b3a7e	857909	1	7816	36352	sanskrit_json	/home/nixos/langnet-tools/langnet-cli/data/build/reader/books/sanskrit_json/langnet/Unknown/corpus_TS/langnet_reader_sanskrit_json_corpus_TS_edition.duckdb	0	
sanskrit_json	san	langnet:reader:sanskrit_json:corpus_VaikhDhS	Vaikhānasadharmasūtra	Unknown		corpus_VaikhDhS		urn:ctsv2:san:vaikhanasadharmasutra-atha-varna-asrama	langnet:reader:sanskrit_json:corpus_VaikhDhS:edition	Caland	/home/nixos/Classics-Data/sanskrit/corpus/VPC/Dharmasutra texts/corpus/VaikhDhS.json		sanskrit_json	text	5822f8b393435c64277cf948700a5c7084440a93cfb458c5b76c8bb59c9c82d6	126699	1	420	5214	sanskrit_json	/home/nixos/langnet-tools/langnet-cli/data/build/reader/books/sanskrit_json/langnet/Unknown/corpus_VaikhDhS/langnet_reader_sanskrit_json_corpus_VaikhDhS_edition.duckdb	0	
sanskrit_json	san	langnet:reader:sanskrit_json:corpus_VaikhGS	Vaikhānasagṛhyasūtra	Unknown		corpus_VaikhGS		urn:ctsv2:san:vaikhanasagrhyasutra-atha-niseka-adi-corpus-vaikhgs	langnet:reader:sanskrit_json:corpus_VaikhGS:edition	Caland	/home/nixos/Classics-Data/sanskrit/corpus/VPC/Grhya texts/corpus/VaikhGS.json		sanskrit_json	text	b80166734c7a6b04c5483b61c6ef62792ad09ef1857cfbd8bc948820f4e39c01	197261	1	505	8209	sanskrit_json	/home/nixos/langnet-tools/langnet-cli/data/build/reader/books/sanskrit_json/langnet/Unknown/corpus_VaikhGS/langnet_reader_sanskrit_json_corpus_VaikhGS_edition.duckdb	0	
sanskrit_json	san	langnet:reader:sanskrit_json:corpus_Vaikh_S	Vaikhānasaśrautasūtra	Unknown		corpus_Vaikh_S		urn:ctsv2:san:vaikhanasasrautasutra-atha-agnyadheya-vyakhya	langnet:reader:sanskrit_json:corpus_Vaikh_S:edition	Caland	/home/nixos/Classics-Data/sanskrit/corpus/VPC/Srauta texts/corpus/VaikhŚS.json		sanskrit_json	text	f276dc2b55009150c686d6e35d0c7aad0332bd9e2124ce0bd3ecae2998243217	679426	1	2609	27968	sanskrit_json	/home/nixos/langnet-tools/langnet-cli/data/build/reader/books/sanskrit_json/langnet/Unknown/corpus_Vaikh_S/langnet_reader_sanskrit_json_corpus_Vaikh_S_edition.duckdb	0	
sanskrit_json	san	langnet:reader:sanskrit_json:corpus_VaitS	Vaitānasūtra	Unknown		corpus_VaitS		urn:ctsv2:san:vaitanasutra-atha-vitana-brahman	langnet:reader:sanskrit_json:corpus_VaitS:edition	Vishva Bandhu	/home/nixos/Classics-Data/sanskrit/corpus/VPC/Srauta texts/corpus/VaitS.json		sanskrit_json	text	b7a4764db8ff0b6c5452e89bccb5251574b9e86e4ea67fdcf0df886e1df5e30a	230633	1	965	9560	sanskrit_json	/home/nixos/langnet-tools/langnet-cli/data/build/reader/books/sanskrit_json/langnet/Unknown/corpus_VaitS/langnet_reader_sanskrit_json_corpus_VaitS_edition.duckdb	0	
sanskrit_json	san	langnet:reader:sanskrit_json:corpus_V_rGS	Vārāhagṛhyasūtra	Unknown		corpus_V_rGS		urn:ctsv2:san:varahagrhyasutra-atas-param-parisis	langnet:reader:sanskrit_json:corpus_V_rGS:edition	Raghu Vira (DCS version)	/home/nixos/Classics-Data/sanskrit/corpus/VPC/Grhya texts/corpus/VārGS.json		sanskrit_json	text	69e92e087c152df8b5c26aac943f37f16cb7d9d070a27db80b2cc459fae3772a	116668	1	369	4875	sanskrit_json	/home/nixos/langnet-tools/langnet-cli/data/build/reader/books/sanskrit_json/langnet/Unknown/corpus_V_rGS/langnet_reader_sanskrit_json_corpus_V_rGS_edition.duckdb	0	
sanskrit_json	san	langnet:reader:sanskrit_json:corpus_V_r_S	Vārāhaśrautasūtra	Unknown		corpus_V_r_S		urn:ctsv2:san:varahasrautasutra-prayoga-purusa-hita	langnet:reader:sanskrit_json:corpus_V_r_S:edition	Caland	/home/nixos/Classics-Data/sanskrit/corpus/VPC/Srauta texts/corpus/VārŚS.json		sanskrit_json	text	156759dee8963b0ff9dc5241f61e62bf8d33aa9d7b3970fc9c96e789c49f258f	618160	1	2536	25522	sanskrit_json	/home/nixos/langnet-tools/langnet-cli/data/build/reader/books/sanskrit_json/langnet/Unknown/corpus_V_r_S/langnet_reader_sanskrit_json_corpus_V_r_S_edition.duckdb	0	
sanskrit_json	san	langnet:reader:sanskrit_json:corpus__gnivGS	Āgniveśyagṛhyasūtra	Unknown		corpus__gnivGS		urn:ctsv2:san:agnivesyagrhyasutra-upanayana-vyakhya-saptama	langnet:reader:sanskrit_json:corpus__gnivGS:edition	Varma 1940	/home/nixos/Classics-Data/sanskrit/corpus/VPC/Grhya texts/corpus/ĀgnivGS.json		sanskrit_json	text	d582d9585c9934780d843609e0246522ac22d44f6eddbcf9e36fbcc4da303cc0	782689	1	2261	32785	sanskrit_json	/home/nixos/langnet-tools/langnet-cli/data/build/reader/books/sanskrit_json/langnet/Unknown/corpus__gnivGS/langnet_reader_sanskrit_json_corpus__gnivGS_edition.duckdb	0	
sanskrit_json	san	langnet:reader:sanskrit_json:corpus__pDhS	Āpastambadharmasūtra	Unknown		corpus__pDhS		urn:ctsv2:san:apastambadharmasutra-atha-atas-samayacarika	langnet:reader:sanskrit_json:corpus__pDhS:edition	Bühler	/home/nixos/Classics-Data/sanskrit/corpus/VPC/Dharmasutra texts/corpus/ĀpDhS.json		sanskrit_json	text	3efc9b4e56595722db146e8904de408ca05fcf50a7e4a55b93b716af1d92a966	224854	1	1365	9301	sanskrit_json	/home/nixos/langnet-tools/langnet-cli/data/build/reader/books/sanskrit_json/langnet/Unknown/corpus__pDhS/langnet_reader_sanskrit_json_corpus__pDhS_edition.duckdb	0	
sanskrit_json	san	langnet:reader:sanskrit_json:corpus__pGS	Āpastambagṛhyasūtra	Unknown		corpus__pGS		urn:ctsv2:san:apastambagrhyasutra-atha-karman-acara	langnet:reader:sanskrit_json:corpus__pGS:edition	Sastri (DCS version)	/home/nixos/Classics-Data/sanskrit/corpus/VPC/Grhya texts/corpus/ĀpGS.json		sanskrit_json	text	92691e90ee6ac8cd5de51145d30fc11432ec52799483eee10c41a2844d72d3d5	78341	1	378	3174	sanskrit_json	/home/nixos/langnet-tools/langnet-cli/data/build/reader/books/sanskrit_json/langnet/Unknown/corpus__pGS/langnet_reader_sanskrit_json_corpus__pGS_edition.duckdb	0	
sanskrit_json	san	langnet:reader:sanskrit_json:corpus__p_S	Āpastambaśrautasūtra	Unknown		corpus__p_S		urn:ctsv2:san:apastambasrautasutra-atha-atas-darsapurnamasa	langnet:reader:sanskrit_json:corpus__p_S:edition	json	/home/nixos/Classics-Data/sanskrit/corpus/VPC/Srauta texts/corpus/ĀpŚS.json		sanskrit_json	text	547dede6cff8b6306dc67622b2286cbddaf419dcc7d7d0c719bdeb4f48648777	2182894	1	8063	90454	sanskrit_json	/home/nixos/langnet-tools/langnet-cli/data/build/reader/books/sanskrit_json/langnet/Unknown/corpus__p_S/langnet_reader_sanskrit_json_corpus__p_S_edition.duckdb	0	
sanskrit_json	san	langnet:reader:sanskrit_json:corpus__vGS	Āśvalāyanagṛhyasūtra	Unknown		corpus__vGS		urn:ctsv2:san:asvalayanagrhyasutra-vac-vaitanika-grhya	langnet:reader:sanskrit_json:corpus__vGS:edition	Stenzler (DCS version)	/home/nixos/Classics-Data/sanskrit/corpus/VPC/Grhya texts/corpus/ĀśvGS.json		sanskrit_json	text	4c347030c34308aed4ec34a4ee31d4c82306779c921e94b8569f22de29f6182a	170361	1	763	7103	sanskrit_json	/home/nixos/langnet-tools/langnet-cli/data/build/reader/books/sanskrit_json/langnet/Unknown/corpus__vGS/langnet_reader_sanskrit_json_corpus__vGS_edition.duckdb	0	
sanskrit_json	san	langnet:reader:sanskrit_json:corpus__v_S	Āśvalāyanaśrautasūtra	Unknown		corpus__v_S		urn:ctsv2:san:asvalayanasrautasutra-atha-etad-samamnaya	langnet:reader:sanskrit_json:corpus__v_S:edition	Vidyaratna 1874	/home/nixos/Classics-Data/sanskrit/corpus/VPC/Srauta texts/corpus/ĀśvŚS.json		sanskrit_json	text	ddf409432e5336e88f968b8acd392aad9f82c92b35ebd539f8c3f673a35dd656	732642	1	2836	30561	sanskrit_json	/home/nixos/langnet-tools/langnet-cli/data/build/reader/books/sanskrit_json/langnet/Unknown/corpus__v_S/langnet_reader_sanskrit_json_corpus__v_S_edition.duckdb	0	
sanskrit_json	san	langnet:reader:sanskrit_json:corpus__BM	Śatapathabrāhmaṇa	Unknown		corpus__BM		urn:ctsv2:san:satapathabrahmana-devayajana-josay	langnet:reader:sanskrit_json:corpus__BM:edition	Weber	/home/nixos/Classics-Data/sanskrit/corpus/VPC/Brahmana texts/corpus/ŚBM.json		sanskrit_json	text	9dfe6d177897286c468fc11bed7fddaa7844e8625818d6f818f1a2081e744527	2517498	1	17490	107758	sanskrit_json	/home/nixos/langnet-tools/langnet-cli/data/build/reader/books/sanskrit_json/langnet/Unknown/corpus__BM/langnet_reader_sanskrit_json_corpus__BM_edition.duckdb	0	
sanskrit_json	san	langnet:reader:sanskrit_json:corpus__khGS	Śāṅkhāyanagṛhyasūtra	Unknown		corpus__khGS		urn:ctsv2:san:sankhayanagrhyasutra-atha-atas-pakayajna	langnet:reader:sanskrit_json:corpus__khGS:edition	Oldenberg (DCS version)	/home/nixos/Classics-Data/sanskrit/corpus/VPC/Grhya texts/corpus/ŚāṅkhGS.json		sanskrit_json	text	6a802ed6b057faf54ecf00b33367218630982bcd3f52b6c56a919d0031da4e5a	199419	1	1085	8260	sanskrit_json	/home/nixos/langnet-tools/langnet-cli/data/build/reader/books/sanskrit_json/langnet/Unknown/corpus__khGS/langnet_reader_sanskrit_json_corpus__khGS_edition.duckdb	0	
sanskrit_json	san	langnet:reader:sanskrit_json:corpus__kh_S	Śāṅkhāyanaśrautasūtra	Unknown		corpus__kh_S		urn:ctsv2:san:sankhayanasrautasutra-yajna-vyakhya	langnet:reader:sanskrit_json:corpus__kh_S:edition	Hillebrandt 1885–1899 (Reprint 1981)	/home/nixos/Classics-Data/sanskrit/corpus/VPC/Srauta texts/corpus/ŚāṅkhŚS.json		sanskrit_json	text	5af887ebf693f34de1fdd6455b67c3fcc81e2ceeab590b26c258642570f44362	998400	1	5239	41555	sanskrit_json	/home/nixos/langnet-tools/langnet-cli/data/build/reader/books/sanskrit_json/langnet/Unknown/corpus__kh_S/langnet_reader_sanskrit_json_corpus__kh_S_edition.duckdb	0	
sanskrit_json	san	langnet:reader:sanskrit_json:corpus__kh	Śāṅkhāyanāraṇyaka	Unknown		corpus__kh		urn:ctsv2:san:sankhayanaranyaka-prajapati-vai-samvatsara	langnet:reader:sanskrit_json:corpus__kh:edition	DCS version	/home/nixos/Classics-Data/sanskrit/corpus/VPC/Aranyaka texts/corpus/ŚāṅkhĀ.json		sanskrit_json	text	eac5bd3978dca3825f9701395d0905c7d1c22c3a390b5e9f86c688bc31425c22	300928	1	1528	12805	sanskrit_json	/home/nixos/langnet-tools/langnet-cli/data/build/reader/books/sanskrit_json/langnet/Unknown/corpus__kh/langnet_reader_sanskrit_json_corpus__kh_edition.duckdb	0	
sanskrit_json	san	langnet:reader:sanskrit_json:corpus__B	Ṣaḍviṃśabrāhmaṇa	Unknown		corpus__B		urn:ctsv2:san:sadvimsabrahmana-brahman-ca-vai	langnet:reader:sanskrit_json:corpus__B:edition	Sharma	/home/nixos/Classics-Data/sanskrit/corpus/VPC/Brahmana texts/corpus/ṢB.json		sanskrit_json	text	507a0e71501d93ec5c39a98386e8385d1b9d2826607d965eb0da39333dee5da5	177030	1	497	7515	sanskrit_json	/home/nixos/langnet-tools/langnet-cli/data/build/reader/books/sanskrit_json/langnet/Unknown/corpus__B/langnet_reader_sanskrit_json_corpus__B_edition.duckdb	0	
sanskrit_json	san	langnet:reader:sanskrit_json:corpus__kh_S-Varadattasuta	Śāṅkhāyanaśrautasūtrabhāṣya	Varadattasuta		corpus__kh_S-Varadattasuta		urn:ctsv2:san:sankhayanasrautasutrabhasya-purusa-abhiman-phala	langnet:reader:sanskrit_json:corpus__kh_S-Varadattasuta:edition	Hillebrandt; re-edition Meharchand Lachhmandas Publications 1981	/home/nixos/Classics-Data/sanskrit/corpus/VPC/Srauta commentaries/corpus/ŚāṅkhŚS-Varadattasuta.json		sanskrit_json	text	ae7ce3a003a9529428d01d12dff8a53298eb7003547f08421dfd3dfe652e4cfc	952849	1	5242	39653	sanskrit_json	/home/nixos/langnet-tools/langnet-cli/data/build/reader/books/sanskrit_json/langnet/Varadattasuta/corpus__kh_S-Varadattasuta/langnet_reader_sanskrit_json_corpus__kh_S-Varadattasuta_edition.duckdb	0	
